(7) Marketplace - 2022 Kawasaki SXR stand-up Jet Ski with trailer | Facebook
https://www.facebook.com/marketplace/item/1016910590439853/

(7) Marketplace - 2019 Yamaha vxc | Facebook
https://www.facebook.com/marketplace/item/992982412784679/

(7) Marketplace - Seadoo rxtx 260 (brand new motor) | Facebook
https://www.facebook.com/marketplace/item/1106057990957133/

(7) Marketplace - 2016 Yamaha VX Cruiser HO 1.8l 4cyl | Facebook
https://www.facebook.com/marketplace/item/3758152204483726/

(7) Marketplace - 2020 seadoo gti 130 | Facebook
https://www.facebook.com/marketplace/item/768335708935768/

(7) Marketplace - 2018 Sea-doo Rxt-x 300 | Facebook
https://www.facebook.com/marketplace/item/1096637385987626/

(7) Marketplace - 2022 Yamaha vx cruiser 1.8 ho | Facebook
https://www.facebook.com/marketplace/item/674113911647806/

(7) Marketplace - 2019 Yamaha 1800R superchageo | Facebook
https://www.facebook.com/marketplace/item/798097699460306/

(7) Marketplace - 2017 YAMAHA GP1800 with Dual Ski Trailer | Facebook
https://www.facebook.com/marketplace/item/1001203502131292/

(7) Marketplace - 2 (two) 2011 Sea Doo Jet Ski GTI SE 130 low Hours plus trailer | Facebook
https://www.facebook.com/marketplace/item/1073754688270905/

(7) Marketplace - Yamaha Waverunners | Facebook
https://www.facebook.com/marketplace/item/4165715407083876/

(7) Marketplace - 2022 SVHO Yamaha Superchargered | Facebook
https://www.facebook.com/marketplace/item/1221137949709126/

(7) Marketplace - Sea doo ski | Facebook
https://www.facebook.com/marketplace/item/1906752880162975/

(7) Marketplace - 2021 Seadoo RXT-x 300 | Facebook
https://www.facebook.com/marketplace/item/1261181461901741/

(7) Marketplace - 2025 YAMAHA SUPERJET | Facebook
https://www.facebook.com/marketplace/item/1226883821768759/

(7) Marketplace - Single boat trailer | Facebook
https://www.facebook.com/marketplace/item/1135801991645489/

(7) Marketplace - 2025 Yamaha ðŸ˜Ž GP HO Audio WaveRunner ðŸ¤© Jen | Facebook
https://www.facebook.com/marketplace/item/1461715755023643/

"(7) Marketplace - 2021 Sea-Doo GTR 230, 69 Hours, Loaded w/ Upgrades & Trailer, Great Condition! | Facebook"
https://www.facebook.com/marketplace/item/761456160160313/

(7) Marketplace - 2020 Yamaha ex deluxe | Facebook
https://www.facebook.com/marketplace/item/1491179245382125/

(7) Marketplace - 2018 Seadoo 300 RXTX | Facebook
https://www.facebook.com/marketplace/item/1348543196648872/

"2025 Yamaha VX Cruiser - Personal Watercrafts - Aquia Harbour, Virginia | Facebook Marketplace | Facebook"
https://www.facebook.com/marketplace/item/609847648480736/

"Jet ski dock - Personal Watercrafts - Lewes, Delaware | Facebook Marketplace | Facebook"
https://www.facebook.com/marketplace/item/1452898082718598/

"2014 YAMAHA FX CRUISER HO & 2015 yamaha fx svho - Powersport Vehicles - Pennsville, New Jersey | Facebook Marketplace | Facebook"
https://www.facebook.com/marketplace/item/1055067110012881/

"2020 SEADOO gti se 130 - Boats - Clayton, Delaware | Facebook Marketplace | Facebook"
https://www.facebook.com/marketplace/item/4040437759510890/

"2021 SeaDoo GTR 230 - Powersport Vehicles - Falmouth, Virginia | Facebook Marketplace | Facebook"
https://www.facebook.com/marketplace/item/1425705332051830/

"2021 Yamaha fx cruiser svho (like new) - Powersport Vehicles - Fenwick Island, Delaware | Facebook Marketplace | Facebook"
https://www.facebook.com/marketplace/item/739378742266765/

"Two Yamaha Waverunners FX Cruiser HO and Double Trailer - Personal Watercrafts - Hamilton, Loudoun County, Virginia | Facebook Marketplace | Facebook"
https://www.facebook.com/marketplace/item/1119919453332860/

"2013 Seadoo wake pro 215 - Boats - Mays Landing, New Jersey | Facebook Marketplace | Facebook"
https://www.facebook.com/marketplace/item/2269276903578889/

"2009 Seadoo gti 155 - Powersport Vehicles - Spring City, Pennsylvania | Facebook Marketplace | Facebook"
https://www.facebook.com/marketplace/item/1020844200120390/

"Sea Doo GTI 155 se - Personal Watercrafts - Rising Sun, Maryland | Facebook Marketplace | Facebook"
https://www.facebook.com/marketplace/item/1957816877955571/

"2019 Yamaha GP1800R SVHO - Powersport Vehicles - Wildwood, New Jersey | Facebook Marketplace | Facebook"
https://www.facebook.com/marketplace/item/1817760762431855/

"2024 Yamaha Jet Ski GP Ho with 14 hours in new condition with aluminumtrailer - Personal Watercrafts - Chester Springs, Pennsylvania | Facebook Marketplace | Facebook"
https://www.facebook.com/marketplace/item/1128499472487254/

"Yamaha FX Cruiser in great condition! - Personal Watercrafts - Wildwood Crest, New Jersey | Facebook Marketplace | Facebook"
https://www.facebook.com/marketplace/item/2781829271986497/

"2023 Kawaski STX160 w sound - Powersport Vehicles - Annapolis, Maryland | Facebook Marketplace | Facebook"
https://www.facebook.com/marketplace/item/1276949874219479/

"2020 Kawasaki jetski 160 - Powersport Vehicles - Severna Park, Maryland | Facebook Marketplace | Facebook"
https://www.facebook.com/marketplace/item/775348758581573/

"2020 Seadoo RXT-X 300 Jet Ski - Powersport Vehicles - Mantua, New Jersey | Facebook Marketplace | Facebook"
https://www.facebook.com/marketplace/item/788352423706507/

"2017 Yamaha fx cruiser svho - Personal Watercrafts - Philadelphia, Pennsylvania | Facebook Marketplace | Facebook"
https://www.facebook.com/marketplace/item/2550272955338830/

"2020 Yamaha Waverunner FX SVHO - Powersport Vehicles - Williamstown, New Jersey | Facebook Marketplace | Facebook"
https://www.facebook.com/marketplace/item/1465578371450005/

"2020 Yamaha fx cruiser svho fx cruiser svho - Boats - Northfield, New Jersey | Facebook Marketplace | Facebook"
https://www.facebook.com/marketplace/item/689216720841782/

"2021 Seadoo Gtx 300 limited - Powersport Vehicles - Winslow, New Jersey | Facebook Marketplace | Facebook"
https://www.facebook.com/marketplace/item/1408837050413670/

"Yamaha wave runners nano x cel 201 - Personal Watercrafts - Federalsburg, Maryland | Facebook Marketplace | Facebook"
https://www.facebook.com/marketplace/item/1629417658016952/

"2021 Yamaha VX deluxe with sound - Powersport Vehicles - Ocean City, Maryland | Facebook Marketplace | Facebook"
https://www.facebook.com/marketplace/item/1679922059381616/

Jet Ski For Sale | This is a Beautiful VX LIMITED HO | Facebook
https://www.facebook.com/groups/662905384794849/posts/1388176405601073/

"Jet ski lifts ï¿¼ - Personal Watercrafts - Sparrows Point, Maryland | Facebook Marketplace | Facebook"
https://www.facebook.com/marketplace/item/1048427787430949/

"Jet ski floating dock - Boats - Middle River, Maryland | Facebook Marketplace | Facebook"
https://www.facebook.com/marketplace/item/1603536820485595/

"2019 Seadoo RXT230 - Powersport Vehicles - Norristown, Pennsylvania | Facebook Marketplace | Facebook"
https://www.facebook.com/marketplace/item/1061751782800667/

"14 Yamaha FZR JETSkI - Personal Watercrafts - Rosedale, Maryland | Facebook Marketplace | Facebook"
https://www.facebook.com/marketplace/item/662556129521505/

"2017 Yamaha gp 1800r svho - Personal Watercrafts - Lancaster, Pennsylvania | Facebook Marketplace | Facebook"
https://www.facebook.com/marketplace/item/1077050581291562/

"2018 Sea doo Rxpx 300 - Personal Watercrafts - Bunker Hill, West Virginia | Facebook Marketplace | Facebook"
https://www.facebook.com/marketplace/item/24457760367191344/

"2017 Yamaha Waverunner Ex - Personal Watercrafts - Ephrata, Pennsylvania | Facebook Marketplace | Facebook"
https://www.facebook.com/marketplace/item/683036431462303/

"Jet ski - Personal Watercrafts - Arlington, Virginia | Facebook Marketplace | Facebook"
https://www.facebook.com/marketplace/item/616536161232770/

"2017 Sea Doo GTR-X - Personal Watercrafts - Grenloch, New Jersey | Facebook Marketplace | Facebook"
https://www.facebook.com/marketplace/item/878193047474675/

"2022 seadoo GTI SE - Boats - Springfield, Virginia | Facebook Marketplace | Facebook"
https://www.facebook.com/marketplace/item/737287395443813/

"2024 Yamaha vx limited ho - Personal Watercrafts - Cinnaminson, New Jersey | Facebook Marketplace | Facebook"
https://www.facebook.com/marketplace/item/1291704095202030/

"2021 Yamaha WaveRunner SVHO - Powersport Vehicles - Millville, New Jersey | Facebook Marketplace | Facebook"
https://www.facebook.com/marketplace/item/7805586779527726/

"Galvanized Mule trailer with rollers if posted its still available - Wheelbarrows, Carts & Wagons - Owings, Maryland | Facebook Marketplace | Facebook"
https://www.facebook.com/marketplace/item/1661985107808694/

"Jet Ski Trailer - Personal Watercrafts - Gambrills, Maryland | Facebook Marketplace | Facebook"
https://www.facebook.com/marketplace/item/731037693073419/

"PWC / Jetski Dock - Boats - Pasadena, Maryland | Facebook Marketplace | Facebook"
https://www.facebook.com/marketplace/item/1108808734637888/

"2022 Yamaha Ex deluxe - Boats - Annapolis, Maryland | Facebook Marketplace | Facebook"
https://www.facebook.com/marketplace/item/1401327497602809/

"Newport inflatable dinghy - Kayaks - Bowleys Quarters, Maryland | Facebook Marketplace | Facebook"
https://www.facebook.com/marketplace/item/1083579873241223/

"Kawasaki Jet Ski SX 650 1991 - Personal Watercrafts - Grasonville, Maryland | Facebook Marketplace | Facebook"
https://www.facebook.com/marketplace/item/1784829208777232/

"2 VX DELUXE JET SKIS - Personal Watercrafts - Alloway, New Jersey | Facebook Marketplace | Facebook"
https://www.facebook.com/marketplace/item/725291253796559/

"2022 SEADOO GTX 300 - Personal Watercrafts - Hayes, Virginia | Facebook Marketplace | Facebook"
https://www.facebook.com/marketplace/item/24302689949362349/

"2019 Seadoo gtx - Personal Watercrafts - Philadelphia, Pennsylvania | Facebook Marketplace | Facebook"
https://www.facebook.com/marketplace/item/1402534250922213/

"SEA-DOO,GTR,230,2021 - Personal Watercrafts - Boyertown, Pennsylvania | Facebook Marketplace | Facebook"
https://www.facebook.com/marketplace/item/758705063283712/

2017 Yamaha Gp1800 svho - Powersport Vehicles - Richwood | Facebook Marketplace | Facebook
https://www.facebook.com/marketplace/item/4983670078525464/

"2021 Kawasaki 310r - Boats - Yorktown, Virginia | Facebook Marketplace | Facebook"
https://www.facebook.com/marketplace/item/1251607922979507/

"2023 Yamaha VX Deluxe Wave Runner - Personal Watercrafts - McVeytown, Pennsylvania | Facebook Marketplace | Facebook"
https://www.facebook.com/marketplace/item/1217353703405312/

"2023 Kawasaki ultra 160 lx - Personal Watercrafts - Centreville, Virginia | Facebook Marketplace | Facebook"
https://www.facebook.com/marketplace/item/1233094895060054/

"2018 RXPX 300 - Personal Watercrafts - Aquia Harbour, Virginia | Facebook Marketplace | Facebook"
https://www.facebook.com/marketplace/item/1086607069608396/

"2022 Kawasaki lx-s 310 - Powersport Vehicles - Greenwich, New Jersey | Facebook Marketplace | Facebook"
https://www.facebook.com/marketplace/item/7201644026532262/

"2009 Yamaha Both SHO 1.8 Motors - Boats - Sugarland, Maryland | Facebook Marketplace | Facebook"
https://www.facebook.com/marketplace/item/712049208266206/

"2017 Seadoo rxt-x 300 - Powersport Vehicles - Laureldale, Pennsylvania | Facebook Marketplace | Facebook"
https://www.facebook.com/marketplace/item/767595238882941/

"Pair of 2021 Yamaha VX Cruisers w audio - Personal Watercrafts - Ocean City, Maryland | Facebook Marketplace | Facebook"
https://www.facebook.com/marketplace/item/1280819616998350/

"2016 Seadoo GTI SE 130 - Powersport Vehicles - Bensalem, Pennsylvania | Facebook Marketplace | Facebook"
https://www.facebook.com/marketplace/item/727001836849709/

2 Yamaha EX deluxe for sale - Personal Watercrafts - Merion Station | Facebook Marketplace | Facebook
https://www.facebook.com/marketplace/item/1047521147328835/

"2019 Yamaha fx svho waverunner - Personal Watercrafts - Horsham, Pennsylvania | Facebook Marketplace | Facebook"
https://www.facebook.com/marketplace/item/1417504502798416/

"Yamaha Jet Ski - Personal Watercrafts - Williamstown, New Jersey | Facebook Marketplace | Facebook"
https://www.facebook.com/marketplace/item/1350127072736596/

"2021 Yamaha Fx Cruiser SVHO(22hrs) - Powersport Vehicles - Winslow, New Jersey | Facebook Marketplace | Facebook"
https://www.facebook.com/marketplace/item/742456538299215/

"2021 Yamaha fx cruiser svho - Boats - Runnemede, New Jersey | Facebook Marketplace | Facebook"
https://www.facebook.com/marketplace/item/639070602361798/

"2017 YAMAHA Fx SVHO LIMITED EDITION - Personal Watercrafts - Philadelphia, Pennsylvania | Facebook Marketplace | Facebook"
https://www.facebook.com/marketplace/item/294545166646966/

"2021 Yamaha fx svho cruiser - Powersport Vehicles - Ocean City, Maryland | Facebook Marketplace | Facebook"
https://www.facebook.com/marketplace/item/528196226263652/

"Jetskis - Personal Watercrafts - Berlin, Maryland | Facebook Marketplace | Facebook"
https://www.facebook.com/marketplace/item/30979921184957119/

"2012 Seadoo rxt 260 is - Boats - The Plains, Virginia | Facebook Marketplace | Facebook"
https://www.facebook.com/marketplace/item/25004386545816093/

"2013 Yamaha waverunner sho - Personal Watercrafts - Warrenton, Virginia | Facebook Marketplace | Facebook"
https://www.facebook.com/marketplace/item/4201965700033600/

"2008 Kawasaki Ultra 250X-2 - Powersport Vehicles - Stevensville, Maryland | Facebook Marketplace | Facebook"
https://www.facebook.com/marketplace/item/1117612433160440/

"2017 Yamaha GP1800 - Powersport Vehicles - Lanexa, Virginia | Facebook Marketplace | Facebook"
https://www.facebook.com/marketplace/item/653946563765096/

"Jetski trailer - Personal Watercrafts - Jarrettsville, Maryland | Facebook Marketplace | Facebook"
https://www.facebook.com/marketplace/item/1303597587788096/

"Jet ski - Personal Watercrafts - Philadelphia, Pennsylvania | Facebook Marketplace | Facebook"
https://www.facebook.com/marketplace/item/1467455230918127/

"Sea Doo jet ski with trailer - Personal Watercrafts - Long Neck, Delaware | Facebook Marketplace | Facebook"
https://www.facebook.com/marketplace/item/1259716052026107/

Jet Ski For Sale | 2013 Seadoo rxpx 260 has about 30 hours on the new engine/supercharger/wire harness | Facebook
https://www.facebook.com/groups/662905384794849/posts/1382563029495744/

"2018 Shorelander jetski trailer PWC - Trailers - Pasadena, Maryland | Facebook Marketplace | Facebook"
https://www.facebook.com/marketplace/item/1497330961393683/

"2019 Seadoo rxp300 - Boats - Philadelphia, Pennsylvania | Facebook Marketplace | Facebook"
https://www.facebook.com/marketplace/item/993409986191368/

"2023 Sea Doo gtx 230 ibr idf - Personal Watercrafts - Mantua, New Jersey | Facebook Marketplace | Facebook"
https://www.facebook.com/marketplace/item/1020373683634417/

"2021 Kawasaki Ultra 310 LX - Powersport Vehicles - Lake Ridge, Virginia | Facebook Marketplace | Facebook"
https://www.facebook.com/marketplace/item/1384580196285512/

"Gp1800R and Kawasaki 310r - Personal Watercrafts - Berlin, Maryland | Facebook Marketplace | Facebook"
https://www.facebook.com/marketplace/item/1106344928101754/

"2021 Yamaha FX SVHO WaveRunner ï¿¼ - Boats - Voorhees Township, New Jersey | Facebook Marketplace | Facebook"
https://www.facebook.com/marketplace/item/720338193909178/

"2022 kawasaki ultra x - Powersport Vehicles - Philadelphia, Pennsylvania | Facebook Marketplace | Facebook"
https://www.facebook.com/marketplace/item/998570278558282/

"2022 Yamaha vx limited - Boats - Philadelphia, Pennsylvania | Facebook Marketplace | Facebook"
https://www.facebook.com/marketplace/item/7567636043265415/

"2023 Yamaha Waverunner VX Limited - Personal Watercrafts - Middletown, Delaware | Facebook Marketplace | Facebook"
https://www.facebook.com/marketplace/item/979232146498607/

"2019 Yamaha vx deluxe - Powersport Vehicles - Philadelphia, Pennsylvania | Facebook Marketplace | Facebook"
https://www.facebook.com/marketplace/item/714596147641758/

"2021 Seadoo GTX LIMITED 300 - Powersport Vehicles - Winslow, New Jersey | Facebook Marketplace | Facebook"
https://www.facebook.com/marketplace/item/4403591249921943/

"9.9 EvinRude boat Engine 4 stroke long shaft Tiller - Boats - Smyrna, Delaware | Facebook Marketplace | Facebook"
https://www.facebook.com/marketplace/item/1252921999490080/

"2020 Kawasaki stx160 - Powersport Vehicles - Greenwich, New Jersey | Facebook Marketplace | Facebook"
https://www.facebook.com/marketplace/item/830443478697922/

"2014 Yamaha FX Cruiser HO 1.8 + Trailer - Personal Watercrafts - Shippensburg, Pennsylvania | Facebook Marketplace | Facebook"
https://www.facebook.com/marketplace/item/727737596815233/

"2011 ROAD RITE Jetski / boat - Boats - Philadelphia, Pennsylvania | Facebook Marketplace | Facebook"
https://www.facebook.com/marketplace/item/696037150160365/

"Mercury 9.9 - Boats - Baltimore, Maryland | Facebook Marketplace | Facebook"
https://www.facebook.com/marketplace/item/726471300280762/

"Boat trailer - Trailers - Trappe, Maryland | Facebook Marketplace | Facebook"
https://www.facebook.com/marketplace/item/1190458302841030/

"PWC Yamaha EX Deluxe three seater 2018 with 34.5 hours. - Personal Watercrafts - Middle River, Maryland | Facebook Marketplace | Facebook"
https://www.facebook.com/marketplace/item/1131159992397570/

"2020 Yamaha Vx Cruise - Powersport Vehicles - Philadelphia, Pennsylvania | Facebook Marketplace | Facebook"
https://www.facebook.com/marketplace/item/164745159983213/

"2021 Yamaha VX CRUISER HO - Powersport Vehicles - Philadelphia, Pennsylvania | Facebook Marketplace | Facebook"
https://www.facebook.com/marketplace/item/466600839226472/

"2025 Yamaha ðŸ˜Ž jetblaster ltd 3 waverunner - Powersport Vehicles - Mechanicsville, Maryland | Facebook Marketplace | Facebook"
https://www.facebook.com/marketplace/item/1504051007640361/

"2022 Seadoo GTX 300 - Boats - North East, Maryland | Facebook Marketplace | Facebook"
https://www.facebook.com/marketplace/item/4017837315150778/

"2020 Yamaha gp1800r - Powersport Vehicles - Schwenksville, Pennsylvania | Facebook Marketplace | Facebook"
https://www.facebook.com/marketplace/item/759460786482401/

"2020 Seadoo Gti 130 with ibr - Powersport Vehicles - Erial, New Jersey | Facebook Marketplace | Facebook"
https://www.facebook.com/marketplace/item/1224595779469378/

"2021 Seadoo Gtr 230 - Boats - Falmouth, Virginia | Facebook Marketplace | Facebook"
https://www.facebook.com/marketplace/item/2457251307977566/

"Waverunner - Personal Watercrafts - Philadelphia, Pennsylvania | Facebook Marketplace | Facebook"
https://www.facebook.com/marketplace/item/781115003704820/

"Two jet skis and brand new trailer Yamaha and Honda jet ski - Personal Watercrafts - Jessup, Maryland | Facebook Marketplace | Facebook"
https://www.facebook.com/marketplace/item/2121230095039564/

"SEA DOO GTX130 - Personal Watercrafts - Triangle, Virginia | Facebook Marketplace | Facebook"
https://www.facebook.com/marketplace/item/1410309372900836/

"2020 SeaDoo Sea Doo gti 130 se orange - Powersport Vehicles - Toms River, New Jersey | Facebook Marketplace | Facebook"
https://www.facebook.com/marketplace/item/4017502945233273/

"2021 SeaDoo WakePro 230 - Boats - Millsboro, Delaware | Facebook Marketplace | Facebook"
https://www.facebook.com/marketplace/item/1189786995537839/

"2020 Yamaha EX Deluxe Wave Runner - Powersport Vehicles - Maple Shade, New Jersey | Facebook Marketplace | Facebook"
https://www.facebook.com/marketplace/item/947705923955759/

"2020 Yamaha Exâ€™s w/ 2025 Trailer - Powersport Vehicles - Collegeville, Pennsylvania | Facebook Marketplace | Facebook"
https://www.facebook.com/marketplace/item/1342217373498023/

"2021 Kawasaki 310x - Boats - Philadelphia, Pennsylvania | Facebook Marketplace | Facebook"
https://www.facebook.com/marketplace/item/1090904169126737/

"2 SeaDoo RXT-X 300 Jet Skis - Personal Watercrafts - Fenwick Island, Delaware | Facebook Marketplace | Facebook"
https://www.facebook.com/marketplace/item/1381853479586127/

"2021 Seadoo 300 rxp-x 300 - Boats - Philadelphia, Pennsylvania | Facebook Marketplace | Facebook"
https://www.facebook.com/marketplace/item/1308153247549878/

"SeaDooâ€™s 2 plus trailer - Personal Watercrafts - Lansdale, Pennsylvania | Facebook Marketplace | Facebook"
https://www.facebook.com/marketplace/item/2419577278421683/

"2021 Yamaha FX SVHO - Boats - Voorhees Township, New Jersey | Facebook Marketplace | Facebook"
https://www.facebook.com/marketplace/item/670479449121384/

"2021 Seadoo Gtr 230 - Boats - Upper Darby, Pennsylvania | Facebook Marketplace | Facebook"
https://www.facebook.com/marketplace/item/2323675751304683/

"2025 Yamaha ðŸ˜Ž VX Deluxe Audio ðŸ¤© Ask Jen - Powersport Vehicles - Mechanicsville, Maryland | Facebook Marketplace | Facebook"
https://www.facebook.com/marketplace/item/1813448986180693/

"2022 Yamaha Jet Ski - Boats - Ocean Pines, Maryland | Facebook Marketplace | Facebook"
https://www.facebook.com/marketplace/item/1716483482298634/

"2021 Yamaha FX SVHO Cruiser - Powersport Vehicles - Ocean City, Maryland | Facebook Marketplace | Facebook"
https://www.facebook.com/marketplace/item/1060595952077531/

"2019 SeaDoo GTX - Powersport Vehicles - Elkton, Maryland | Facebook Marketplace | Facebook"
https://www.facebook.com/marketplace/item/1969204320574081/

"2018 Yamaha 1.8 shvo - Boats - Reading, Pennsylvania | Facebook Marketplace | Facebook"
https://www.facebook.com/marketplace/item/1356150039630070/

"2013 Yamaha vxr - Personal Watercrafts - Hanover, Pennsylvania | Facebook Marketplace | Facebook"
https://www.facebook.com/marketplace/item/1702676557041665/

"2018 Yamaha VX Wave Runners w/trailer - Powersport Vehicles - Berlin, Maryland | Facebook Marketplace | Facebook"
https://www.facebook.com/marketplace/item/1068136368803696/

"2017 Sea doo wake pro 230 - Boats - Westtown, Pennsylvania | Facebook Marketplace | Facebook"
https://www.facebook.com/marketplace/item/1229075212562550/

"2021 Seadoo Gtr230 - Boats - Falmouth, Virginia | Facebook Marketplace | Facebook"
https://www.facebook.com/marketplace/item/725109507356691/

"Yamaha Wave Runner for sale - Personal Watercrafts - Kirkwood, Pennsylvania | Facebook Marketplace | Facebook"
https://www.facebook.com/marketplace/item/3297572227047398/

"Jet ski - Personal Watercrafts - Washington Township, Gloucester County, New Jersey | Facebook Marketplace | Facebook"
https://www.facebook.com/marketplace/item/1501253660881563/

"2017 Yamaha Wave Runner VX Cruiser HO - Personal Watercrafts - Airville, Pennsylvania | Facebook Marketplace | Facebook"
https://www.facebook.com/marketplace/item/737022065608187/

"Trailer - Trailers - Fredericksburg, Virginia | Facebook Marketplace | Facebook"
https://www.facebook.com/marketplace/item/1814664636118596/

"Jet ski trailer EZ LOADER - Personal Watercrafts - New Castle, Delaware | Facebook Marketplace | Facebook"
https://www.facebook.com/marketplace/item/770527438808502/

"2021 Seadoo Gtr230 - Boats - Falmouth, Virginia | Facebook Marketplace | Facebook"
https://www.facebook.com/marketplace/item/1686542988721638/

"2019 Yamaha & 2008 kawasaki Jetskis - Personal Watercrafts - Nokesville, Virginia | Facebook Marketplace | Facebook"
https://www.facebook.com/marketplace/item/4219973178284489/

"2019 Yamaha Wave-runner EX series 70 hours Mint condition - Personal Watercrafts - Westminster, Maryland | Facebook Marketplace | Facebook"
https://www.facebook.com/marketplace/item/726797573474137/

"Jet ski Kawasaki 160lxs - Personal Watercrafts - Pylesville, Maryland | Facebook Marketplace | Facebook"
https://www.facebook.com/marketplace/item/1314950882830660/

"Kawasaki Jet Ski 2021 - Personal Watercrafts - Colonial Beach, Virginia | Facebook Marketplace | Facebook"
https://www.facebook.com/marketplace/item/1504964500691480/

"Jon boat trailer - Trailers - La Plata, Maryland | Facebook Marketplace | Facebook"
https://www.facebook.com/marketplace/item/1188338966802652/

"2014 Yamaha wave runner - Boats - Deale, Maryland | Facebook Marketplace | Facebook"
https://www.facebook.com/marketplace/item/1287132863091199/

"2022 Seadoo GTX LIMITED 300 - Powersport Vehicles - Germantown, Maryland | Facebook Marketplace | Facebook"
https://www.facebook.com/marketplace/item/520865751109590/

"2015 SEA.DOO GTI 130 JET SKI - Personal Watercrafts - Montross, Virginia | Facebook Marketplace | Facebook"
https://www.facebook.com/marketplace/item/25023740523880404/

"2014 YAMAHA FX SHO SUPERCHARGED WAVERUNNER JET SKI - Personal Watercrafts - Harbeson, Delaware | Facebook Marketplace | Facebook"
https://www.facebook.com/marketplace/item/1174579354429881/

"Jet ski. Year 2022 model seado RXT-X - Personal Watercrafts - Springfield, Virginia | Facebook Marketplace | Facebook"
https://www.facebook.com/marketplace/item/2155027161672073/

"SeaDoo 2019 GTX 230 Limited - Personal Watercrafts - Rock Hall, Maryland | Facebook Marketplace | Facebook"
https://www.facebook.com/marketplace/item/1394389381199517/

"Sea Doo Jet Skis - Personal Watercrafts - Trappe, Maryland | Facebook Marketplace | Facebook"
https://www.facebook.com/marketplace/item/762648376428384/

"2002 Ski-Doo bombardier gtx - Powersport Vehicles - Grasonville, Maryland | Facebook Marketplace | Facebook"
https://www.facebook.com/marketplace/item/3604519383026093/

"2015 SeaDoo RXTX 260 Supercharged Trailer Included - Boats - North Beach, Maryland | Facebook Marketplace | Facebook"
https://www.facebook.com/marketplace/item/616290237962260/

"2020 rxpx 300 - Backpacks - Clinton, Maryland | Facebook Marketplace | Facebook"
https://www.facebook.com/marketplace/item/928022199515269/

"2013 Seadoo rxp-x 260 - Personal Watercrafts - Lake Shore, Maryland | Facebook Marketplace | Facebook"
https://www.facebook.com/marketplace/item/1051466183620413/

"2021 Yamaha FX cruiser Ho - Powersport Vehicles - Lake Shore, Maryland | Facebook Marketplace | Facebook"
https://www.facebook.com/marketplace/item/4160533510891371/

"2023 Yamaha FXHO w/ Triton trailer - Personal Watercrafts - Mayo, Maryland | Facebook Marketplace | Facebook"
https://www.facebook.com/marketplace/item/696199080060794/

"2021 Yamaha Ex limited - Powersport Vehicles - Arnold, Maryland | Facebook Marketplace | Facebook"
https://www.facebook.com/marketplace/item/778332417968358/

"2007 sea-doo Rxt & Rxt - Personal Watercrafts - Pasadena, Maryland | Facebook Marketplace | Facebook"
https://www.facebook.com/marketplace/item/1521079352191238/

"(2) 2019 Sea doo RXT X 300 - Personal Watercrafts - Edgewater, Maryland | Facebook Marketplace | Facebook"
https://www.facebook.com/marketplace/item/699281825908089/

"2021 Gp 1800r SVHO - Powersport Vehicles - Golden Beach, Maryland | Facebook Marketplace | Facebook"
https://www.facebook.com/marketplace/item/715537870909651/

"2025 Yamaha FX1800 Cruiser SVHO - Boats - White Plains, Maryland | Facebook Marketplace | Facebook"
https://www.facebook.com/marketplace/item/1394124628372064/

"2025 Yamaha VX LIMITED HO - Personal Watercrafts - Baltimore, Maryland | Facebook Marketplace | Facebook"
https://www.facebook.com/marketplace/item/1412943080037730/

"2025 Yamaha VX LIMITED - Powersport Vehicles - Baltimore, Maryland | Facebook Marketplace | Facebook"
https://www.facebook.com/marketplace/item/670101966079092/

"Jet ski trailer - Trailers - Davidsonville, Maryland | Facebook Marketplace | Facebook"
https://www.facebook.com/marketplace/item/3707474582885978/

"2025 Yamaha FX HO WAUDIO - Powersport Vehicles - Baltimore, Maryland | Facebook Marketplace | Facebook"
https://www.facebook.com/marketplace/item/1001653745068964/

"2025 Kawasaki Jet Ski Ultra 160 - Powersport Vehicles - Baltimore, Maryland | Facebook Marketplace | Facebook"
https://www.facebook.com/marketplace/item/704827838732004/

"2020 Yamaha waverunners VX limited and VX HO - Boats - Owings, Maryland | Facebook Marketplace | Facebook"
https://www.facebook.com/marketplace/item/768339695752576/

"Jet Ski For Sale | NO TRADES $10k + tax No used trailer, trailer does not come with it. 179hrs, brand new dash installed | Facebook"
https://www.facebook.com/groups/662905384794849/posts/1378519816566732/

"Load Rite Boat trailer - Trailers - Church Hill, Maryland | Facebook Marketplace | Facebook"
https://www.facebook.com/marketplace/item/1769446750348799/

"Magnum Mini-Mag Jet Ski or small boat lift. - Boats - Kent Narrows, Maryland | Facebook Marketplace | Facebook"
https://www.facebook.com/marketplace/item/1093608268892938/

"2017 Seadoo Wake Pro 230 - Boats - Baltimore, Maryland | Facebook Marketplace | Facebook"
https://www.facebook.com/marketplace/item/486958767811391/

"2015 Seadoo rxpx 260 - Personal Watercrafts - Baltimore, Maryland | Facebook Marketplace | Facebook"
https://www.facebook.com/marketplace/item/490121100639986/

"2020 Seadoo wake - Boats - Odessa, Delaware | Facebook Marketplace | Facebook"
https://www.facebook.com/marketplace/item/1193674255158839/

"2017 Kawasaki sxr 1500 - Powersport Vehicles - Long Beach, New Jersey | Facebook Marketplace | Facebook"
https://www.facebook.com/marketplace/item/789970660125495/

"2012 seadoo gtx260 - Personal Watercrafts - Davidsonville, Maryland | Facebook Marketplace | Facebook"
https://www.facebook.com/marketplace/item/1480747103292167/

"2021 Yamaha gp 1800 svho (supercharged ) - Powersport Vehicles - Arnold, Maryland | Facebook Marketplace | Facebook"
https://www.facebook.com/marketplace/item/4101842963437903/

"Swing lift PWC - Weight Lifting Machines & Racks - Pasadena, Maryland | Facebook Marketplace | Facebook"
https://www.facebook.com/marketplace/item/5053265864899002/?rdid=QvPRAOHRGP9Lwejp&share_url=https%3A%2F%2Fwww.facebook.com%2Fshare%2F17WN4BwFu7%2F

"2021 Yamaha gp 1800 svho (supercharged ) - Powersport Vehicles - Arnold, Maryland | Facebook Marketplace | Facebook"
https://www.facebook.com/marketplace/item/4101842963437903/?rdid=YIRYZPbPgjpCQMcv&share_url=https%3A%2F%2Fwww.facebook.com%2Fshare%2F16ozcZj9cq%2F